table,column,dtype,null_pct,max_text_len,is_unique,all_nonnull,pk_candidate,row_count,col_count
combine_data,season,Int64,0.0,,False,True,False,8649,18
combine_data,draft_year,float64,0.383,,False,False,False,8649,18
combine_data,draft_team,object,0.0,24.0,False,True,False,8649,18
combine_data,draft_round,float64,0.383,,False,False,False,8649,18
combine_data,draft_ovr,float64,0.383,,False,False,False,8649,18
combine_data,pfr_id,object,0.205,10.0,False,False,False,8649,18
combine_data,cfb_id,object,0.177,28.0,False,False,False,8649,18
combine_data,player_name,object,0.0,27.0,False,True,False,8649,18
combine_data,pos,object,0.0,5.0,False,True,False,8649,18
combine_data,school,object,0.0,36.0,False,True,False,8649,18
combine_data,ht,object,0.003,4.0,False,False,False,8649,18
combine_data,wt,float64,0.003,,False,False,False,8649,18
combine_data,forty,float64,0.094,,False,False,False,8649,18
combine_data,bench,float64,0.383,,False,False,False,8649,18
combine_data,vertical,float64,0.237,,False,False,False,8649,18
combine_data,broad_jump,float64,0.248,,False,False,False,8649,18
combine_data,cone,float64,0.419,,False,False,False,8649,18
combine_data,shuttle,float64,0.402,,False,False,False,8649,18
draft_picks,season,Int64,0.0,,False,True,False,6640,36
draft_picks,round,int32,0.0,,False,True,False,6640,36
draft_picks,pick,int32,0.0,,False,True,False,6640,36
draft_picks,team,object,0.0,3.0,False,True,False,6640,36
draft_picks,gsis_id,object,0.571,10.0,False,False,False,6640,36
draft_picks,pfr_player_id,object,0.043,10.0,False,False,False,6640,36
draft_picks,cfb_player_id,object,0.175,28.0,False,False,False,6640,36
draft_picks,pfr_player_name,object,0.0,27.0,False,True,False,6640,36
draft_picks,hof,bool,0.0,,False,True,False,6640,36
draft_picks,position,object,0.0,3.0,False,True,False,6640,36
draft_picks,category,object,0.0,2.0,False,True,False,6640,36
draft_picks,side,object,0.0,4.0,False,False,False,6640,36
draft_picks,college,object,0.0,24.0,False,True,False,6640,36
draft_picks,age,float64,0.044,,False,False,False,6640,36
draft_picks,to,float64,0.091,,False,False,False,6640,36
draft_picks,allpro,float64,0.0,,False,True,False,6640,36
draft_picks,probowls,float64,0.0,,False,True,False,6640,36
draft_picks,seasons_started,float64,0.0,,False,True,False,6640,36
draft_picks,w_av,float64,0.091,,False,False,False,6640,36
draft_picks,car_av,object,1.0,4.0,False,False,False,6640,36
draft_picks,dr_av,float64,0.154,,False,False,False,6640,36
draft_picks,games,float64,0.091,,False,False,False,6640,36
draft_picks,pass_completions,float64,0.091,,False,False,False,6640,36
draft_picks,pass_attempts,float64,0.091,,False,False,False,6640,36
draft_picks,pass_yards,float64,0.091,,False,False,False,6640,36
draft_picks,pass_tds,float64,0.091,,False,False,False,6640,36
draft_picks,pass_ints,float64,0.091,,False,False,False,6640,36
draft_picks,rush_atts,float64,0.091,,False,False,False,6640,36
draft_picks,rush_yards,float64,0.091,,False,False,False,6640,36
draft_picks,rush_tds,float64,0.091,,False,False,False,6640,36
draft_picks,receptions,float64,0.091,,False,False,False,6640,36
draft_picks,rec_yards,float64,0.091,,False,False,False,6640,36
draft_picks,rec_tds,float64,0.091,,False,False,False,6640,36
draft_picks,def_solo_tackles,float64,0.362,,False,False,False,6640,36
draft_picks,def_ints,float64,0.789,,False,False,False,6640,36
draft_picks,def_sacks,float64,0.714,,False,False,False,6640,36
draft_values,pick,Int64,0.0,,True,True,True,262,6
draft_values,stuart,float64,0.0,,False,True,False,262,6
draft_values,johnson,int64,0.0,,False,True,False,262,6
draft_values,hill,float64,0.0,,True,True,True,262,6
draft_values,otc,int64,0.0,,True,True,True,262,6
draft_values,pff,float64,0.0,,False,True,False,262,6
id_mappings,rotoworld_id,float64,0.39,,False,False,False,12023,35
id_mappings,mfl_id,int64,0.0,,True,True,True,12023,35
id_mappings,nfl_id,object,0.0,30.0,False,True,False,12023,35
id_mappings,name,object,0.0,27.0,False,True,False,12023,35
id_mappings,merge_name,object,0.0,27.0,False,True,False,12023,35
id_mappings,age,float64,0.102,,False,False,False,12023,35
id_mappings,pff_id,float64,0.705,,False,False,False,12023,35
id_mappings,draft_round,float64,0.412,,False,False,False,12023,35
id_mappings,draft_year,float64,0.008,,False,False,False,12023,35
id_mappings,twitter_username,float64,1.0,,False,False,False,12023,35
id_mappings,yahoo_id,float64,0.544,,False,False,False,12023,35
id_mappings,stats_id,float64,0.203,,False,False,False,12023,35
id_mappings,cbs_id,float64,0.281,,False,False,False,12023,35
id_mappings,draft_pick,float64,0.42,,False,False,False,12023,35
id_mappings,draft_ovr,float64,0.49,,False,False,False,12023,35
id_mappings,weight,float64,0.048,,False,False,False,12023,35
id_mappings,cfbref_id,object,0.0,28.0,False,True,False,12023,35
id_mappings,fantasypros_id,float64,0.627,,False,False,False,12023,35
id_mappings,sportradar_id,object,0.0,36.0,False,True,False,12023,35
id_mappings,sleeper_id,float64,0.496,,False,False,False,12023,35
id_mappings,ktc_id,float64,0.973,,False,False,False,12023,35
id_mappings,stats_global_id,float64,0.008,,False,False,False,12023,35
id_mappings,rotowire_id,float64,0.161,,False,False,False,12023,35
id_mappings,fantasy_data_id,float64,0.638,,False,False,False,12023,35
id_mappings,fleaflicker_id,float64,0.906,,False,False,False,12023,35
id_mappings,db_season,int64,0.0,,False,True,False,12023,35
id_mappings,birthdate,object,0.0,10.0,False,True,False,12023,35
id_mappings,espn_id,float64,0.36,,False,False,False,12023,35
id_mappings,swish_id,float64,0.716,,False,False,False,12023,35
id_mappings,team,object,0.0,3.0,False,True,False,12023,35
id_mappings,height,float64,0.086,,False,False,False,12023,35
id_mappings,college,object,0.0,25.0,False,True,False,12023,35
id_mappings,gsis_id,object,0.0,10.0,False,True,False,12023,35
id_mappings,position,object,0.0,2.0,False,True,False,12023,35
id_mappings,pfr_id,object,0.0,10.0,False,True,False,12023,35
seasonal_stats,player_id,object,0.0,10.0,False,True,False,15102,58
seasonal_stats,season,Int64,0.0,,False,True,False,15102,58
seasonal_stats,season_type,object,0.0,3.0,False,True,False,15102,58
seasonal_stats,completions,int32,0.0,,False,True,False,15102,58
seasonal_stats,attempts,int32,0.0,,False,True,False,15102,58
seasonal_stats,passing_yards,Int64,0.0,,False,True,False,15102,58
seasonal_stats,passing_tds,int32,0.0,,False,True,False,15102,58
seasonal_stats,interceptions,Int64,0.0,,False,True,False,15102,58
seasonal_stats,sacks,Int64,0.0,,False,True,False,15102,58
seasonal_stats,sack_yards,Int64,0.0,,False,True,False,15102,58
seasonal_stats,sack_fumbles,int32,0.0,,False,True,False,15102,58
seasonal_stats,sack_fumbles_lost,int32,0.0,,False,True,False,15102,58
seasonal_stats,passing_air_yards,Int64,0.0,,False,True,False,15102,58
seasonal_stats,passing_yards_after_catch,Int64,0.0,,False,True,False,15102,58
seasonal_stats,passing_first_downs,Int64,0.0,,False,True,False,15102,58
seasonal_stats,passing_epa,float64,0.0,,False,True,False,15102,58
seasonal_stats,passing_2pt_conversions,int32,0.0,,False,True,False,15102,58
seasonal_stats,pacr,float64,0.0,,False,True,False,15102,58
seasonal_stats,dakota,float64,0.0,,False,True,False,15102,58
seasonal_stats,carries,int32,0.0,,False,True,False,15102,58
seasonal_stats,rushing_yards,Int64,0.0,,False,True,False,15102,58
seasonal_stats,rushing_tds,int32,0.0,,False,True,False,15102,58
seasonal_stats,rushing_fumbles,Int64,0.0,,False,True,False,15102,58
seasonal_stats,rushing_fumbles_lost,Int64,0.0,,False,True,False,15102,58
seasonal_stats,rushing_first_downs,Int64,0.0,,False,True,False,15102,58
seasonal_stats,rushing_epa,float64,0.0,,False,True,False,15102,58
seasonal_stats,rushing_2pt_conversions,int32,0.0,,False,True,False,15102,58
seasonal_stats,receptions,int32,0.0,,False,True,False,15102,58
seasonal_stats,targets,int32,0.0,,False,True,False,15102,58
seasonal_stats,receiving_yards,Int64,0.0,,False,True,False,15102,58
seasonal_stats,receiving_tds,int32,0.0,,False,True,False,15102,58
seasonal_stats,receiving_fumbles,Int64,0.0,,False,True,False,15102,58
seasonal_stats,receiving_fumbles_lost,Int64,0.0,,False,True,False,15102,58
seasonal_stats,receiving_air_yards,Int64,0.0,,False,True,False,15102,58
seasonal_stats,receiving_yards_after_catch,Int64,0.0,,False,True,False,15102,58
seasonal_stats,receiving_first_downs,Int64,0.0,,False,True,False,15102,58
seasonal_stats,receiving_epa,float64,0.0,,False,True,False,15102,58
seasonal_stats,receiving_2pt_conversions,int32,0.0,,False,True,False,15102,58
seasonal_stats,racr,float64,0.0,,False,True,False,15102,58
seasonal_stats,target_share,float64,0.0,,False,True,False,15102,58
seasonal_stats,air_yards_share,float64,0.0,,False,True,False,15102,58
seasonal_stats,wopr_x,float64,0.0,,False,True,False,15102,58
seasonal_stats,special_teams_tds,Int64,0.0,,False,True,False,15102,58
seasonal_stats,fantasy_points,float64,0.0,,False,True,False,15102,58
seasonal_stats,fantasy_points_ppr,float64,0.0,,False,True,False,15102,58
seasonal_stats,games,int64,0.0,,False,True,False,15102,58
seasonal_stats,tgt_sh,float64,0.0,,False,True,False,15102,58
seasonal_stats,ay_sh,float64,0.255,,False,False,False,15102,58
seasonal_stats,yac_sh,float64,0.246,,False,False,False,15102,58
seasonal_stats,wopr_y,float64,0.255,,False,False,False,15102,58
seasonal_stats,ry_sh,float64,0.0,,False,True,False,15102,58
seasonal_stats,rtd_sh,float64,0.04,,False,False,False,15102,58
seasonal_stats,rfd_sh,float64,0.0,,False,False,False,15102,58
seasonal_stats,rtdfd_sh,float64,0.0,,False,False,False,15102,58
seasonal_stats,dom,float64,0.04,,False,False,False,15102,58
seasonal_stats,w8dom,float64,0.04,,False,False,False,15102,58
seasonal_stats,yptmpa,float64,0.0,,False,True,False,15102,58
seasonal_stats,ppr_sh,float64,0.0,,False,True,False,15102,58
seasonal_rosters,season,Int64,0.0,,False,True,False,63323,37
seasonal_rosters,team,object,0.0,3.0,False,True,False,63323,37
seasonal_rosters,position,object,0.0,4.0,False,True,False,63323,37
seasonal_rosters,depth_chart_position,object,0.464,4.0,False,False,False,63323,37
seasonal_rosters,jersey_number,float64,0.004,,False,False,False,63323,37
seasonal_rosters,status,object,0.0,4.0,False,True,False,63323,37
seasonal_rosters,player_name,object,0.0,29.0,False,True,False,63323,37
seasonal_rosters,first_name,object,0.0,22.0,False,True,False,63323,37
seasonal_rosters,last_name,object,0.0,19.0,False,True,False,63323,37
seasonal_rosters,birth_date,datetime64[ns],0.041,,False,False,False,63323,37
seasonal_rosters,height,float64,0.0,,False,False,False,63323,37
seasonal_rosters,weight,float64,0.0,,False,False,False,63323,37
seasonal_rosters,college,object,0.432,28.0,False,False,False,63323,37
seasonal_rosters,player_id,object,0.0,10.0,False,True,False,63323,37
seasonal_rosters,espn_id,float64,0.622,,False,False,False,63323,37
seasonal_rosters,sportradar_id,object,0.612,36.0,False,False,False,63323,37
seasonal_rosters,yahoo_id,float64,0.644,,False,False,False,63323,37
seasonal_rosters,rotowire_id,float64,0.61,,False,False,False,63323,37
seasonal_rosters,pff_id,float64,0.644,,False,False,False,63323,37
seasonal_rosters,pfr_id,object,0.719,10.0,False,False,False,63323,37
seasonal_rosters,fantasy_data_id,float64,0.668,,False,False,False,63323,37
seasonal_rosters,sleeper_id,float64,0.625,,False,False,False,63323,37
seasonal_rosters,years_exp,float64,0.105,,False,False,False,63323,37
seasonal_rosters,headshot_url,object,0.024,82.0,False,False,False,63323,37
seasonal_rosters,esb_id,object,0.002,9.0,False,False,False,63323,37
seasonal_rosters,gsis_it_id,float64,0.427,,False,False,False,63323,37
seasonal_rosters,smart_id,object,0.002,36.0,False,False,False,63323,37
seasonal_rosters,entry_year,float64,0.105,,False,False,False,63323,37
seasonal_rosters,rookie_year,float64,0.105,,False,False,False,63323,37
seasonal_rosters,draft_club,object,0.432,4.0,False,False,False,63323,37
seasonal_rosters,ngs_position,object,0.831,13.0,False,False,False,63323,37
seasonal_rosters,week,float64,0.097,,False,False,False,63323,37
seasonal_rosters,game_type,object,0.097,4.0,False,False,False,63323,37
seasonal_rosters,status_description_abbr,object,0.194,4.0,False,False,False,63323,37
seasonal_rosters,football_name,object,0.097,14.0,False,False,False,63323,37
seasonal_rosters,draft_number,float64,0.467,,False,False,False,63323,37
seasonal_rosters,age,float64,0.041,,False,False,False,63323,37
team_info,team_abbr,object,0.0,3.0,True,True,True,36,16
team_info,team_name,object,0.0,21.0,False,True,False,36,16
team_info,team_id,Int64,0.0,,False,True,False,36,16
team_info,team_nick,object,0.0,10.0,False,True,False,36,16
team_info,team_conf,object,0.0,3.0,False,True,False,36,16
team_info,team_division,object,0.0,9.0,False,True,False,36,16
team_info,team_color,object,0.0,7.0,False,True,False,36,16
team_info,team_color2,object,0.0,7.0,False,True,False,36,16
team_info,team_color3,object,0.0,7.0,False,True,False,36,16
team_info,team_color4,object,0.0,7.0,False,True,False,36,16
team_info,team_logo_wikipedia,object,0.0,125.0,False,True,False,36,16
team_info,team_logo_espn,object,0.0,54.0,False,True,False,36,16
team_info,team_wordmark,object,0.0,69.0,True,True,True,36,16
team_info,team_conference_logo,object,0.0,59.0,False,True,False,36,16
team_info,team_league_logo,object,0.0,70.0,False,True,False,36,16
team_info,team_logo_squared,object,0.0,73.0,True,True,True,36,16
weekly_stats,player_id,object,0.0,10.0,False,True,False,134470,53
weekly_stats,player_name,object,0.0,19.0,False,True,False,134470,53
weekly_stats,player_display_name,object,0.0,24.0,False,False,False,134470,53
weekly_stats,position,object,0.0,4.0,False,True,False,134470,53
weekly_stats,position_group,object,0.001,4.0,False,False,False,134470,53
weekly_stats,headshot_url,object,0.439,82.0,False,False,False,134470,53
weekly_stats,recent_team,object,0.0,3.0,False,True,False,134470,53
weekly_stats,season,Int64,0.0,,False,True,False,134470,53
weekly_stats,week,Int64,0.0,,False,True,False,134470,53
weekly_stats,season_type,object,0.0,4.0,False,True,False,134470,53
weekly_stats,opponent_team,object,0.0,3.0,False,True,False,134470,53
weekly_stats,completions,int32,0.0,,False,True,False,134470,53
weekly_stats,attempts,int32,0.0,,False,True,False,134470,53
weekly_stats,passing_yards,float32,0.0,,False,True,False,134470,53
weekly_stats,passing_tds,int32,0.0,,False,True,False,134470,53
weekly_stats,interceptions,float32,0.0,,False,True,False,134470,53
weekly_stats,sacks,float32,0.0,,False,True,False,134470,53
weekly_stats,sack_yards,float32,0.0,,False,True,False,134470,53
weekly_stats,sack_fumbles,int32,0.0,,False,True,False,134470,53
weekly_stats,sack_fumbles_lost,int32,0.0,,False,True,False,134470,53
weekly_stats,passing_air_yards,float32,0.0,,False,True,False,134470,53
weekly_stats,passing_yards_after_catch,float32,0.0,,False,True,False,134470,53
weekly_stats,passing_first_downs,float32,0.0,,False,True,False,134470,53
weekly_stats,passing_epa,float32,0.872,,False,False,False,134470,53
weekly_stats,passing_2pt_conversions,int32,0.0,,False,True,False,134470,53
weekly_stats,pacr,float32,0.876,,False,False,False,134470,53
weekly_stats,dakota,float32,0.888,,False,False,False,134470,53
weekly_stats,carries,int32,0.0,,False,True,False,134470,53
weekly_stats,rushing_yards,float32,0.0,,False,True,False,134470,53
weekly_stats,rushing_tds,int32,0.0,,False,True,False,134470,53
weekly_stats,rushing_fumbles,float32,0.0,,False,True,False,134470,53
weekly_stats,rushing_fumbles_lost,float32,0.0,,False,True,False,134470,53
weekly_stats,rushing_first_downs,float32,0.0,,False,True,False,134470,53
weekly_stats,rushing_epa,float32,0.586,,False,False,False,134470,53
weekly_stats,rushing_2pt_conversions,int32,0.0,,False,True,False,134470,53
weekly_stats,receptions,int32,0.0,,False,True,False,134470,53
weekly_stats,targets,int32,0.0,,False,True,False,134470,53
weekly_stats,receiving_yards,float32,0.0,,False,True,False,134470,53
weekly_stats,receiving_tds,int32,0.0,,False,True,False,134470,53
weekly_stats,receiving_fumbles,float32,0.0,,False,True,False,134470,53
weekly_stats,receiving_fumbles_lost,float32,0.0,,False,True,False,134470,53
weekly_stats,receiving_air_yards,float32,0.0,,False,True,False,134470,53
weekly_stats,receiving_yards_after_catch,float32,0.0,,False,True,False,134470,53
weekly_stats,receiving_first_downs,float32,0.0,,False,True,False,134470,53
weekly_stats,receiving_epa,float32,0.204,,False,False,False,134470,53
weekly_stats,receiving_2pt_conversions,int32,0.0,,False,True,False,134470,53
weekly_stats,racr,float32,0.225,,False,False,False,134470,53
weekly_stats,target_share,float32,0.204,,False,False,False,134470,53
weekly_stats,air_yards_share,float32,0.402,,False,False,False,134470,53
weekly_stats,wopr,float32,0.402,,False,False,False,134470,53
weekly_stats,special_teams_tds,float32,0.0,,False,True,False,134470,53
weekly_stats,fantasy_points,float32,0.0,,False,True,False,134470,53
weekly_stats,fantasy_points_ppr,float32,0.0,,False,True,False,134470,53
pbp_all,aborted_play,float32,0.0,,False,True,False,1230855,392
pbp_all,air_epa,float32,0.716,,False,False,False,1230855,392
pbp_all,air_wpa,float32,0.716,,False,False,False,1230855,392
pbp_all,air_yards,float32,0.715,,False,False,False,1230855,392
pbp_all,assist_tackle,float32,0.031,,False,False,False,1230855,392
pbp_all,assist_tackle_1_player_id,object,0.864,10.0,False,False,False,1230855,392
pbp_all,assist_tackle_1_player_name,object,0.864,19.0,False,False,False,1230855,392
pbp_all,assist_tackle_1_team,object,0.864,4.0,False,False,False,1230855,392
pbp_all,assist_tackle_2_player_id,object,0.94,10.0,False,False,False,1230855,392
pbp_all,assist_tackle_2_player_name,object,0.94,19.0,False,False,False,1230855,392
pbp_all,assist_tackle_2_team,object,0.94,4.0,False,False,False,1230855,392
pbp_all,assist_tackle_3_player_id,object,1.0,10.0,False,False,False,1230855,392
pbp_all,assist_tackle_3_player_name,object,1.0,9.0,False,False,False,1230855,392
pbp_all,assist_tackle_3_team,object,1.0,4.0,False,False,False,1230855,392
pbp_all,assist_tackle_4_player_id,object,1.0,10.0,False,False,False,1230855,392
pbp_all,assist_tackle_4_player_name,object,1.0,12.0,False,False,False,1230855,392
pbp_all,assist_tackle_4_team,object,1.0,4.0,False,False,False,1230855,392
pbp_all,away_coach,object,0.0,20.0,False,True,False,1230855,392
pbp_all,away_score,int32,0.0,,False,True,False,1230855,392
pbp_all,away_team,object,0.0,3.0,False,True,False,1230855,392
pbp_all,away_timeouts_remaining,float32,0.0,,False,True,False,1230855,392
pbp_all,away_wp,float32,0.0,,False,True,False,1230855,392
pbp_all,away_wp_post,float32,0.063,,False,False,False,1230855,392
pbp_all,blocked_player_id,object,0.999,10.0,False,False,False,1230855,392
pbp_all,blocked_player_name,object,0.999,19.0,False,False,False,1230855,392
pbp_all,comp_air_epa,float32,0.286,,False,False,False,1230855,392
pbp_all,comp_air_wpa,float32,0.286,,False,False,False,1230855,392
pbp_all,comp_yac_epa,float32,0.286,,False,False,False,1230855,392
pbp_all,comp_yac_wpa,float32,0.286,,False,False,False,1230855,392
pbp_all,complete_pass,float32,0.031,,False,False,False,1230855,392
pbp_all,cp,float32,0.723,,False,False,False,1230855,392
pbp_all,cpoe,float32,0.723,,False,False,False,1230855,392
pbp_all,def_wp,float32,0.006,,False,False,False,1230855,392
pbp_all,defenders_in_box,float64,0.768,,False,False,False,1230855,392
pbp_all,defense_coverage_type,object,0.91,7.0,False,False,False,1230855,392
pbp_all,defense_man_zone_type,object,0.91,13.0,False,False,False,1230855,392
pbp_all,defense_personnel,object,0.762,42.0,False,False,False,1230855,392
pbp_all,defense_players,object,0.713,241.0,False,False,False,1230855,392
pbp_all,defensive_extra_point_attempt,float32,0.031,,False,False,False,1230855,392
pbp_all,defensive_extra_point_conv,float32,0.031,,False,False,False,1230855,392
pbp_all,defensive_two_point_attempt,float32,0.031,,False,False,False,1230855,392
pbp_all,defensive_two_point_conv,float32,0.031,,False,False,False,1230855,392
pbp_all,defteam,object,0.0,4.0,False,True,False,1230855,392
pbp_all,defteam_score,float32,0.05,,False,False,False,1230855,392
pbp_all,defteam_score_post,float32,0.049,,False,False,False,1230855,392
pbp_all,defteam_timeouts_remaining,float32,0.049,,False,False,False,1230855,392
pbp_all,desc,object,0.0,1076.0,False,True,False,1230855,392
pbp_all,div_game,int32,0.0,,False,True,False,1230855,392
pbp_all,down,float32,0.156,,False,False,False,1230855,392
pbp_all,drive,float32,0.011,,False,False,False,1230855,392
pbp_all,drive_end_transition,object,0.014,20.0,False,False,False,1230855,392
pbp_all,drive_end_yard_line,object,0.012,6.0,False,False,False,1230855,392
pbp_all,drive_ended_with_score,float32,0.011,,False,False,False,1230855,392
pbp_all,drive_first_downs,float32,0.011,,False,False,False,1230855,392
pbp_all,drive_game_clock_end,object,0.011,5.0,False,False,False,1230855,392
pbp_all,drive_game_clock_start,object,0.011,5.0,False,False,False,1230855,392
pbp_all,drive_inside20,float32,0.011,,False,False,False,1230855,392
pbp_all,drive_play_count,float32,0.011,,False,False,False,1230855,392
pbp_all,drive_play_id_ended,float32,0.011,,False,False,False,1230855,392
pbp_all,drive_play_id_started,float32,0.011,,False,False,False,1230855,392
pbp_all,drive_quarter_end,float32,0.011,,False,False,False,1230855,392
pbp_all,drive_quarter_start,float32,0.011,,False,False,False,1230855,392
pbp_all,drive_real_start_time,object,0.18,24.0,False,False,False,1230855,392
pbp_all,drive_start_transition,object,0.014,19.0,False,False,False,1230855,392
pbp_all,drive_start_yard_line,object,0.012,6.0,False,False,False,1230855,392
pbp_all,drive_time_of_possession,object,0.011,5.0,False,False,False,1230855,392
pbp_all,drive_yards_penalized,float32,0.085,,False,False,False,1230855,392
pbp_all,end_clock_time,object,0.89,24.0,False,False,False,1230855,392
pbp_all,end_yard_line,object,0.935,7.0,False,False,False,1230855,392
pbp_all,ep,float32,0.011,,False,False,False,1230855,392
pbp_all,epa,float32,0.011,,False,False,False,1230855,392
pbp_all,extra_point_attempt,float32,0.031,,False,False,False,1230855,392
pbp_all,extra_point_prob,float32,0.0,,False,True,False,1230855,392
pbp_all,extra_point_result,object,0.974,7.0,False,False,False,1230855,392
pbp_all,fantasy,object,0.288,19.0,False,False,False,1230855,392
pbp_all,fantasy_id,object,0.288,10.0,False,False,False,1230855,392
pbp_all,fantasy_player_id,object,0.347,10.0,False,False,False,1230855,392
pbp_all,fantasy_player_name,object,0.347,19.0,False,False,False,1230855,392
pbp_all,fg_prob,float32,0.0,,False,True,False,1230855,392
pbp_all,field_goal_attempt,float32,0.031,,False,False,False,1230855,392
pbp_all,field_goal_result,object,0.978,7.0,False,False,False,1230855,392
pbp_all,first_down,float32,0.031,,False,False,False,1230855,392
pbp_all,first_down_pass,float32,0.031,,False,False,False,1230855,392
pbp_all,first_down_penalty,float32,0.031,,False,False,False,1230855,392
pbp_all,first_down_rush,float32,0.031,,False,False,False,1230855,392
pbp_all,fixed_drive,float32,0.0,,False,True,False,1230855,392
pbp_all,fixed_drive_result,object,0.0,17.0,False,False,False,1230855,392
pbp_all,forced_fumble_player_1_player_id,object,0.99,10.0,False,False,False,1230855,392
pbp_all,forced_fumble_player_1_player_name,object,0.99,19.0,False,False,False,1230855,392
pbp_all,forced_fumble_player_1_team,object,0.99,4.0,False,False,False,1230855,392
pbp_all,forced_fumble_player_2_player_id,object,1.0,10.0,False,False,False,1230855,392
pbp_all,forced_fumble_player_2_player_name,object,1.0,14.0,False,False,False,1230855,392
pbp_all,forced_fumble_player_2_team,object,1.0,4.0,False,False,False,1230855,392
pbp_all,fourth_down_converted,float32,0.031,,False,False,False,1230855,392
pbp_all,fourth_down_failed,float32,0.031,,False,False,False,1230855,392
pbp_all,fumble,float32,0.031,,False,False,False,1230855,392
pbp_all,fumble_forced,float32,0.031,,False,False,False,1230855,392
pbp_all,fumble_lost,float32,0.031,,False,False,False,1230855,392
pbp_all,fumble_not_forced,float32,0.031,,False,False,False,1230855,392
pbp_all,fumble_out_of_bounds,float32,0.031,,False,False,False,1230855,392
pbp_all,fumble_recovery_1_player_id,object,0.986,10.0,False,False,False,1230855,392
pbp_all,fumble_recovery_1_player_name,object,0.986,19.0,False,False,False,1230855,392
pbp_all,fumble_recovery_1_team,object,0.986,4.0,False,False,False,1230855,392
pbp_all,fumble_recovery_1_yards,float32,0.986,,False,False,False,1230855,392
pbp_all,fumble_recovery_2_player_id,object,1.0,10.0,False,False,False,1230855,392
pbp_all,fumble_recovery_2_player_name,object,1.0,13.0,False,False,False,1230855,392
pbp_all,fumble_recovery_2_team,object,1.0,4.0,False,False,False,1230855,392
pbp_all,fumble_recovery_2_yards,float32,1.0,,False,False,False,1230855,392
pbp_all,fumbled_1_player_id,object,0.985,10.0,False,False,False,1230855,392
pbp_all,fumbled_1_player_name,object,0.985,19.0,False,False,False,1230855,392
pbp_all,fumbled_1_team,object,0.985,4.0,False,False,False,1230855,392
pbp_all,fumbled_2_player_id,object,1.0,10.0,False,False,False,1230855,392
pbp_all,fumbled_2_player_name,object,1.0,13.0,False,False,False,1230855,392
pbp_all,fumbled_2_team,object,1.0,4.0,False,False,False,1230855,392
pbp_all,game_date,object,0.0,10.0,False,True,False,1230855,392
pbp_all,game_half,object,0.0,8.0,False,True,False,1230855,392
pbp_all,game_id,object,0.0,15.0,False,True,False,1230855,392
pbp_all,game_seconds_remaining,float32,0.001,,False,False,False,1230855,392
pbp_all,game_stadium,object,0.0,35.0,False,True,False,1230855,392
pbp_all,goal_to_go,float64,0.0,,False,False,False,1230855,392
pbp_all,half_sack_1_player_id,object,0.998,10.0,False,False,False,1230855,392
pbp_all,half_sack_1_player_name,object,0.998,18.0,False,False,False,1230855,392
pbp_all,half_sack_2_player_id,object,0.998,10.0,False,False,False,1230855,392
pbp_all,half_sack_2_player_name,object,0.998,19.0,False,False,False,1230855,392
pbp_all,half_seconds_remaining,float32,0.001,,False,False,False,1230855,392
pbp_all,home_coach,object,0.0,20.0,False,True,False,1230855,392
pbp_all,home_opening_kickoff,float32,0.0,,False,True,False,1230855,392
pbp_all,home_score,int32,0.0,,False,True,False,1230855,392
pbp_all,home_team,object,0.0,3.0,False,True,False,1230855,392
pbp_all,home_timeouts_remaining,float32,0.0,,False,True,False,1230855,392
pbp_all,home_wp,float32,0.0,,False,True,False,1230855,392
pbp_all,home_wp_post,float32,0.063,,False,False,False,1230855,392
pbp_all,id,object,0.252,10.0,False,False,False,1230855,392
pbp_all,incomplete_pass,float32,0.031,,False,False,False,1230855,392
pbp_all,interception,float32,0.031,,False,False,False,1230855,392
pbp_all,interception_player_id,object,0.989,10.0,False,False,False,1230855,392
pbp_all,interception_player_name,object,0.989,19.0,False,False,False,1230855,392
pbp_all,jersey_number,float32,0.316,,False,False,False,1230855,392
pbp_all,kick_distance,float32,0.844,,False,False,False,1230855,392
pbp_all,kicker_player_id,object,0.896,10.0,False,False,False,1230855,392
pbp_all,kicker_player_name,object,0.896,14.0,False,False,False,1230855,392
pbp_all,kickoff_attempt,float32,0.031,,False,False,False,1230855,392
pbp_all,kickoff_downed,float32,0.031,,False,False,False,1230855,392
pbp_all,kickoff_fair_catch,float32,0.031,,False,False,False,1230855,392
pbp_all,kickoff_in_endzone,float32,0.031,,False,False,False,1230855,392
pbp_all,kickoff_inside_twenty,float32,0.031,,False,False,False,1230855,392
pbp_all,kickoff_out_of_bounds,float32,0.031,,False,False,False,1230855,392
pbp_all,kickoff_returner_player_id,object,0.966,10.0,False,False,False,1230855,392
pbp_all,kickoff_returner_player_name,object,0.966,19.0,False,False,False,1230855,392
pbp_all,lateral_interception_player_id,object,1.0,10.0,False,False,False,1230855,392
pbp_all,lateral_interception_player_name,object,1.0,14.0,False,False,False,1230855,392
pbp_all,lateral_kickoff_returner_player_id,object,1.0,10.0,False,False,False,1230855,392
pbp_all,lateral_kickoff_returner_player_name,object,1.0,16.0,False,False,False,1230855,392
pbp_all,lateral_punt_returner_player_id,object,1.0,10.0,False,False,False,1230855,392
pbp_all,lateral_punt_returner_player_name,object,1.0,19.0,False,False,False,1230855,392
pbp_all,lateral_receiver_player_id,object,1.0,10.0,False,False,False,1230855,392
pbp_all,lateral_receiver_player_name,object,1.0,16.0,False,False,False,1230855,392
pbp_all,lateral_receiving_yards,float32,1.0,,False,False,False,1230855,392
pbp_all,lateral_reception,float32,0.031,,False,False,False,1230855,392
pbp_all,lateral_recovery,float32,0.031,,False,False,False,1230855,392
pbp_all,lateral_return,float32,0.031,,False,False,False,1230855,392
pbp_all,lateral_rush,float32,0.031,,False,False,False,1230855,392
pbp_all,lateral_rusher_player_id,object,1.0,10.0,False,False,False,1230855,392
pbp_all,lateral_rusher_player_name,object,1.0,13.0,False,False,False,1230855,392
pbp_all,lateral_rushing_yards,float32,1.0,,False,False,False,1230855,392
pbp_all,lateral_sack_player_id,object,1.0,4.0,False,False,False,1230855,392
pbp_all,lateral_sack_player_name,object,1.0,4.0,False,False,False,1230855,392
pbp_all,location,object,0.0,7.0,False,True,False,1230855,392
pbp_all,n_defense,float64,0.692,,False,False,False,1230855,392
pbp_all,n_offense,float64,0.692,,False,False,False,1230855,392
pbp_all,name,object,0.252,19.0,False,False,False,1230855,392
pbp_all,nfl_api_id,object,0.074,36.0,False,False,False,1230855,392
pbp_all,nflverse_game_id,object,0.692,15.0,False,False,False,1230855,392
pbp_all,ngs_air_yards,float64,0.882,,False,False,False,1230855,392
pbp_all,no_huddle,float32,0.0,,False,True,False,1230855,392
pbp_all,no_score_prob,float32,0.0,,False,True,False,1230855,392
pbp_all,number_of_pass_rushers,float64,0.866,,False,False,False,1230855,392
pbp_all,offense_formation,object,0.772,10.0,False,False,False,1230855,392
pbp_all,offense_personnel,object,0.762,41.0,False,False,False,1230855,392
pbp_all,offense_players,object,0.713,230.0,False,False,False,1230855,392
pbp_all,old_game_id,object,0.314,10.0,False,False,False,1230855,392
pbp_all,old_game_id_x,object,0.686,10.0,False,False,False,1230855,392
pbp_all,old_game_id_y,object,0.692,10.0,False,False,False,1230855,392
pbp_all,opp_fg_prob,float32,0.0,,False,True,False,1230855,392
pbp_all,opp_safety_prob,float32,0.0,,False,True,False,1230855,392
pbp_all,opp_td_prob,float32,0.0,,False,True,False,1230855,392
pbp_all,order_sequence,float32,0.074,,False,False,False,1230855,392
pbp_all,out_of_bounds,float32,0.0,,False,True,False,1230855,392
pbp_all,own_kickoff_recovery,float32,0.031,,False,False,False,1230855,392
pbp_all,own_kickoff_recovery_player_id,object,1.0,10.0,False,False,False,1230855,392
pbp_all,own_kickoff_recovery_player_name,object,1.0,19.0,False,False,False,1230855,392
pbp_all,own_kickoff_recovery_td,float32,0.031,,False,False,False,1230855,392
pbp_all,pass,float32,0.0,,False,True,False,1230855,392
pbp_all,pass_attempt,float32,0.031,,False,False,False,1230855,392
pbp_all,pass_defense_1_player_id,object,0.949,10.0,False,False,False,1230855,392
pbp_all,pass_defense_1_player_name,object,0.949,19.0,False,False,False,1230855,392
pbp_all,pass_defense_2_player_id,object,0.998,10.0,False,False,False,1230855,392
pbp_all,pass_defense_2_player_name,object,0.998,19.0,False,False,False,1230855,392
pbp_all,pass_length,object,0.717,5.0,False,False,False,1230855,392
pbp_all,pass_location,object,0.717,6.0,False,False,False,1230855,392
pbp_all,pass_oe,float32,0.456,,False,False,False,1230855,392
pbp_all,pass_touchdown,float32,0.031,,False,False,False,1230855,392
pbp_all,passer,object,0.554,19.0,False,False,False,1230855,392
pbp_all,passer_id,object,0.554,10.0,False,False,False,1230855,392
pbp_all,passer_jersey_number,float32,0.587,,False,False,False,1230855,392
pbp_all,passer_player_id,object,0.589,10.0,False,False,False,1230855,392
pbp_all,passer_player_name,object,0.589,21.0,False,False,False,1230855,392
pbp_all,passing_yards,float32,0.763,,False,False,False,1230855,392
pbp_all,penalty,float32,0.031,,False,False,False,1230855,392
pbp_all,penalty_player_id,object,0.932,10.0,False,False,False,1230855,392
pbp_all,penalty_player_name,object,0.933,19.0,False,False,False,1230855,392
pbp_all,penalty_team,object,0.929,4.0,False,False,False,1230855,392
pbp_all,penalty_type,object,0.929,42.0,False,False,False,1230855,392
pbp_all,penalty_yards,float32,0.929,,False,False,False,1230855,392
pbp_all,play,float32,0.0,,False,True,False,1230855,392
pbp_all,play_clock,object,0.074,4.0,False,False,False,1230855,392
pbp_all,play_deleted,float32,0.074,,False,False,False,1230855,392
pbp_all,play_id,object,0.0,6.0,False,True,False,1230855,392
pbp_all,play_type,object,0.0,11.0,False,True,False,1230855,392
pbp_all,play_type_nfl,object,0.074,28.0,False,False,False,1230855,392
pbp_all,players_on_play,object,0.713,245.0,False,False,False,1230855,392
pbp_all,possession_team,object,0.713,4.0,False,False,False,1230855,392
pbp_all,posteam,object,0.0,4.0,False,True,False,1230855,392
pbp_all,posteam_score,float32,0.05,,False,False,False,1230855,392
pbp_all,posteam_score_post,float32,0.049,,False,False,False,1230855,392
pbp_all,posteam_timeouts_remaining,float32,0.049,,False,False,False,1230855,392
pbp_all,posteam_type,object,0.049,4.0,False,False,False,1230855,392
pbp_all,punt_attempt,float32,0.031,,False,False,False,1230855,392
pbp_all,punt_blocked,float32,0.031,,False,False,False,1230855,392
pbp_all,punt_downed,float32,0.031,,False,False,False,1230855,392
pbp_all,punt_fair_catch,float32,0.031,,False,False,False,1230855,392
pbp_all,punt_in_endzone,float32,0.031,,False,False,False,1230855,392
pbp_all,punt_inside_twenty,float32,0.031,,False,False,False,1230855,392
pbp_all,punt_out_of_bounds,float32,0.031,,False,False,False,1230855,392
pbp_all,punt_returner_player_id,object,0.964,10.0,False,False,False,1230855,392
pbp_all,punt_returner_player_name,object,0.964,19.0,False,False,False,1230855,392
pbp_all,punter_player_id,object,0.948,10.0,False,False,False,1230855,392
pbp_all,punter_player_name,object,0.948,16.0,False,False,False,1230855,392
pbp_all,qb_dropback,float32,0.034,,False,False,False,1230855,392
pbp_all,qb_epa,float32,0.011,,False,False,False,1230855,392
pbp_all,qb_hit,float32,0.031,,False,False,False,1230855,392
pbp_all,qb_hit_1_player_id,object,0.955,10.0,False,False,False,1230855,392
pbp_all,qb_hit_1_player_name,object,0.955,19.0,False,False,False,1230855,392
pbp_all,qb_hit_2_player_id,object,0.998,10.0,False,False,False,1230855,392
pbp_all,qb_hit_2_player_name,object,0.998,19.0,False,False,False,1230855,392
pbp_all,qb_kneel,float32,0.0,,False,True,False,1230855,392
pbp_all,qb_scramble,float32,0.0,,False,True,False,1230855,392
pbp_all,qb_spike,float32,0.0,,False,True,False,1230855,392
pbp_all,qtr,float32,0.0,,False,True,False,1230855,392
pbp_all,quarter_end,float32,0.0,,False,True,False,1230855,392
pbp_all,quarter_seconds_remaining,float32,0.001,,False,False,False,1230855,392
pbp_all,receiver,object,0.604,18.0,False,False,False,1230855,392
pbp_all,receiver_id,object,0.604,10.0,False,False,False,1230855,392
pbp_all,receiver_jersey_number,float32,0.631,,False,False,False,1230855,392
pbp_all,receiver_player_id,object,0.656,10.0,False,False,False,1230855,392
pbp_all,receiver_player_name,object,0.656,18.0,False,False,False,1230855,392
pbp_all,receiving_yards,float32,0.763,,False,False,False,1230855,392
pbp_all,replay_or_challenge,float32,0.0,,False,True,False,1230855,392
pbp_all,replay_or_challenge_result,object,0.993,8.0,False,False,False,1230855,392
pbp_all,result,int32,0.0,,False,True,False,1230855,392
pbp_all,return_team,object,0.882,4.0,False,False,False,1230855,392
pbp_all,return_touchdown,float32,0.031,,False,False,False,1230855,392
pbp_all,return_yards,float32,0.031,,False,False,False,1230855,392
pbp_all,roof,object,0.0,8.0,False,True,False,1230855,392
pbp_all,route,object,0.883,6.0,False,False,False,1230855,392
pbp_all,run_gap,object,0.788,6.0,False,False,False,1230855,392
pbp_all,run_location,object,0.704,6.0,False,False,False,1230855,392
pbp_all,rush,float32,0.0,,False,True,False,1230855,392
pbp_all,rush_attempt,float32,0.031,,False,False,False,1230855,392
pbp_all,rush_touchdown,float32,0.031,,False,False,False,1230855,392
pbp_all,rusher,object,0.698,19.0,False,False,False,1230855,392
pbp_all,rusher_id,object,0.698,10.0,False,False,False,1230855,392
pbp_all,rusher_jersey_number,float32,0.716,,False,False,False,1230855,392
pbp_all,rusher_player_id,object,0.691,10.0,False,False,False,1230855,392
pbp_all,rusher_player_name,object,0.691,19.0,False,False,False,1230855,392
pbp_all,rushing_yards,float32,0.692,,False,False,False,1230855,392
pbp_all,sack,float32,0.031,,False,False,False,1230855,392
pbp_all,sack_player_id,object,0.976,10.0,False,False,False,1230855,392
pbp_all,sack_player_name,object,0.976,19.0,False,False,False,1230855,392
pbp_all,safety,float32,0.031,,False,False,False,1230855,392
pbp_all,safety_player_id,object,1.0,10.0,False,False,False,1230855,392
pbp_all,safety_player_name,object,1.0,15.0,False,False,False,1230855,392
pbp_all,safety_prob,float32,0.0,,False,True,False,1230855,392
pbp_all,score_differential,float32,0.05,,False,False,False,1230855,392
pbp_all,score_differential_post,float32,0.049,,False,False,False,1230855,392
pbp_all,season,int64,0.0,,False,True,False,1230855,392
pbp_all,season_type,object,0.0,4.0,False,True,False,1230855,392
pbp_all,series,float32,0.0,,False,True,False,1230855,392
pbp_all,series_result,object,0.0,17.0,False,False,False,1230855,392
pbp_all,series_success,float32,0.0,,False,True,False,1230855,392
pbp_all,shotgun,float32,0.0,,False,True,False,1230855,392
pbp_all,side_of_field,object,0.065,4.0,False,False,False,1230855,392
pbp_all,solo_tackle,float32,0.031,,False,False,False,1230855,392
pbp_all,solo_tackle_1_player_id,object,0.545,10.0,False,False,False,1230855,392
pbp_all,solo_tackle_1_player_name,object,0.545,19.0,False,False,False,1230855,392
pbp_all,solo_tackle_1_team,object,0.545,4.0,False,False,False,1230855,392
pbp_all,solo_tackle_2_player_id,object,0.995,10.0,False,False,False,1230855,392
pbp_all,solo_tackle_2_player_name,object,0.995,18.0,False,False,False,1230855,392
pbp_all,solo_tackle_2_team,object,0.995,4.0,False,False,False,1230855,392
pbp_all,sp,float32,0.0,,False,True,False,1230855,392
pbp_all,special,float32,0.0,,False,True,False,1230855,392
pbp_all,special_teams_play,float32,0.074,,False,False,False,1230855,392
pbp_all,spread_line,float32,0.0,,False,True,False,1230855,392
pbp_all,st_play_type,object,1.0,7.0,False,False,False,1230855,392
pbp_all,stadium,object,0.075,40.0,False,False,False,1230855,392
pbp_all,stadium_id,object,0.0,5.0,False,True,False,1230855,392
pbp_all,start_time,object,0.074,18.0,False,False,False,1230855,392
pbp_all,success,float32,0.011,,False,False,False,1230855,392
pbp_all,surface,object,0.006,10.0,False,False,False,1230855,392
pbp_all,tackle_for_loss_1_player_id,object,0.957,10.0,False,False,False,1230855,392
pbp_all,tackle_for_loss_1_player_name,object,0.957,19.0,False,False,False,1230855,392
pbp_all,tackle_for_loss_2_player_id,object,1.0,10.0,False,False,False,1230855,392
pbp_all,tackle_for_loss_2_player_name,object,1.0,12.0,False,False,False,1230855,392
pbp_all,tackle_with_assist,float32,0.031,,False,False,False,1230855,392
pbp_all,tackle_with_assist_1_player_id,object,0.924,10.0,False,False,False,1230855,392
pbp_all,tackle_with_assist_1_player_name,object,0.924,19.0,False,False,False,1230855,392
pbp_all,tackle_with_assist_1_team,object,0.924,4.0,False,False,False,1230855,392
pbp_all,tackle_with_assist_2_player_id,object,1.0,10.0,False,False,False,1230855,392
pbp_all,tackle_with_assist_2_player_name,object,1.0,11.0,False,False,False,1230855,392
pbp_all,tackle_with_assist_2_team,object,1.0,4.0,False,False,False,1230855,392
pbp_all,tackled_for_loss,float32,0.031,,False,False,False,1230855,392
pbp_all,td_player_id,object,0.972,10.0,False,False,False,1230855,392
pbp_all,td_player_name,object,0.972,19.0,False,False,False,1230855,392
pbp_all,td_prob,float32,0.0,,False,True,False,1230855,392
pbp_all,td_team,object,0.972,4.0,False,False,False,1230855,392
pbp_all,temp,float32,0.282,,False,False,False,1230855,392
pbp_all,third_down_converted,float32,0.031,,False,False,False,1230855,392
pbp_all,third_down_failed,float32,0.031,,False,False,False,1230855,392
pbp_all,time,object,0.001,5.0,False,False,False,1230855,392
pbp_all,time_of_day,object,0.13,24.0,False,False,False,1230855,392
pbp_all,time_to_throw,float64,0.879,,False,False,False,1230855,392
pbp_all,timeout,float32,0.031,,False,False,False,1230855,392
pbp_all,timeout_team,object,0.958,4.0,False,False,False,1230855,392
pbp_all,total,int32,0.0,,False,True,False,1230855,392
pbp_all,total_away_comp_air_epa,float32,0.263,,False,False,False,1230855,392
pbp_all,total_away_comp_air_wpa,float32,0.263,,False,False,False,1230855,392
pbp_all,total_away_comp_yac_epa,float32,0.263,,False,False,False,1230855,392
pbp_all,total_away_comp_yac_wpa,float32,0.263,,False,False,False,1230855,392
pbp_all,total_away_epa,float32,0.0,,False,True,False,1230855,392
pbp_all,total_away_pass_epa,float32,0.0,,False,True,False,1230855,392
pbp_all,total_away_pass_wpa,float32,0.0,,False,True,False,1230855,392
pbp_all,total_away_raw_air_epa,float32,0.263,,False,False,False,1230855,392
pbp_all,total_away_raw_air_wpa,float32,0.263,,False,False,False,1230855,392
pbp_all,total_away_raw_yac_epa,float32,0.263,,False,False,False,1230855,392
pbp_all,total_away_raw_yac_wpa,float32,0.263,,False,False,False,1230855,392
pbp_all,total_away_rush_epa,float32,0.0,,False,True,False,1230855,392
pbp_all,total_away_rush_wpa,float32,0.0,,False,True,False,1230855,392
pbp_all,total_away_score,float32,0.0,,False,True,False,1230855,392
pbp_all,total_home_comp_air_epa,float32,0.263,,False,False,False,1230855,392
pbp_all,total_home_comp_air_wpa,float32,0.263,,False,False,False,1230855,392
pbp_all,total_home_comp_yac_epa,float32,0.263,,False,False,False,1230855,392
pbp_all,total_home_comp_yac_wpa,float32,0.263,,False,False,False,1230855,392
pbp_all,total_home_epa,float32,0.0,,False,True,False,1230855,392
pbp_all,total_home_pass_epa,float32,0.0,,False,True,False,1230855,392
pbp_all,total_home_pass_wpa,float32,0.0,,False,True,False,1230855,392
pbp_all,total_home_raw_air_epa,float32,0.263,,False,False,False,1230855,392
pbp_all,total_home_raw_air_wpa,float32,0.263,,False,False,False,1230855,392
pbp_all,total_home_raw_yac_epa,float32,0.263,,False,False,False,1230855,392
pbp_all,total_home_raw_yac_wpa,float32,0.263,,False,False,False,1230855,392
pbp_all,total_home_rush_epa,float32,0.0,,False,True,False,1230855,392
pbp_all,total_home_rush_wpa,float32,0.0,,False,True,False,1230855,392
pbp_all,total_home_score,float32,0.0,,False,True,False,1230855,392
pbp_all,total_line,float32,0.0,,False,True,False,1230855,392
pbp_all,touchback,float32,0.0,,False,True,False,1230855,392
pbp_all,touchdown,float32,0.031,,False,False,False,1230855,392
pbp_all,two_point_attempt,float32,0.031,,False,False,False,1230855,392
pbp_all,two_point_conv_result,object,0.998,7.0,False,False,False,1230855,392
pbp_all,two_point_conversion_prob,float32,0.0,,False,True,False,1230855,392
pbp_all,vegas_home_wp,float32,0.0,,False,True,False,1230855,392
pbp_all,vegas_home_wpa,float32,0.006,,False,False,False,1230855,392
pbp_all,vegas_wp,float32,0.006,,False,False,False,1230855,392
pbp_all,vegas_wpa,float32,0.014,,False,False,False,1230855,392
pbp_all,was_pressure,object,0.879,5.0,False,False,False,1230855,392
pbp_all,weather,object,0.081,164.0,False,False,False,1230855,392
pbp_all,week,int32,0.0,,False,True,False,1230855,392
pbp_all,wind,float32,0.282,,False,False,False,1230855,392
pbp_all,wp,float32,0.006,,False,False,False,1230855,392
pbp_all,wpa,float32,0.014,,False,False,False,1230855,392
pbp_all,xpass,float32,0.44,,False,False,False,1230855,392
pbp_all,xyac_epa,float32,0.742,,False,False,False,1230855,392
pbp_all,xyac_fd,float32,0.741,,False,False,False,1230855,392
pbp_all,xyac_mean_yardage,float32,0.741,,False,False,False,1230855,392
pbp_all,xyac_median_yardage,float32,0.741,,False,False,False,1230855,392
pbp_all,xyac_success,float32,0.741,,False,False,False,1230855,392
pbp_all,yac_epa,float32,0.716,,False,False,False,1230855,392
pbp_all,yac_wpa,float32,0.716,,False,False,False,1230855,392
pbp_all,yardline_100,float32,0.065,,False,False,False,1230855,392
pbp_all,yards_after_catch,float32,0.821,,False,False,False,1230855,392
pbp_all,yards_gained,float32,0.031,,False,False,False,1230855,392
pbp_all,ydsnet,float32,0.011,,False,False,False,1230855,392
pbp_all,ydstogo,float32,0.0,,False,True,False,1230855,392
pbp_all,yrdln,object,0.007,6.0,False,False,False,1230855,392
